<?xml version="1.0" encoding="UTF-8"?>
<project-private xmlns="http://www.netbeans.org/ns/project-private/1">
    <editor-bookmarks xmlns="http://www.netbeans.org/ns/editor-bookmarks/2" lastBookmarkId="0"/>
    <open-files xmlns="http://www.netbeans.org/ns/projectui-open-files/2">
        <group>
            <file>file:/home/todos/alunos/cm/a1921843/NetBeansProjects/locadoraBD/src/produtos.java</file>
            <file>file:/home/todos/alunos/cm/a1921843/NetBeansProjects/locadoraBD/src/categoria.java</file>
            <file>file:/home/todos/alunos/cm/a1921843/NetBeansProjects/locadoraBD/src/main.java</file>
            <file>file:/home/todos/alunos/cm/a1921843/NetBeansProjects/locadoraBD/src/locadoras.java</file>
            <file>file:/home/todos/alunos/cm/a1921843/NetBeansProjects/locadoraBD/src/funcionarios.java</file>
            <file>file:/home/todos/alunos/cm/a1921843/NetBeansProjects/locadoraBD/src/locadorabd/LocadoraBD.java</file>
        </group>
    </open-files>
</project-private>
